{
  "name": "morkbork",
  "title": "Mork Bork",
  "description": "A despicable and hopeless attempt at a Mörk Borg system for FoundryVTT.",
  "version": "0.1.3",
  "compatibleCoreVersion": "0.7.8",
  "minimumCoreVersion": "0.6.0",
  "templateVersion": 2,
  "author": "foag, cliffinge",
  "esmodules": ["morkbork.js"],
  "styles": ["css/morkbork.css"],
  "scripts": [],
  "packs": [
    {
      "name": "gear",
      "label": "Utrustning",
      "system": "morkbork",
      "module": "morkbork",
      "path": "./packs/gear.db",
      "entity": "Item"
    },
    {
      "name": "features",
      "label": "Egenskaper",
      "system": "morkbork",
      "module": "morkbork",
      "path": "./packs/features.db",
      "entity": "Item"
    },
    {
      "name": "armor",
      "label": "Rustningar",
      "system": "morkbork",
      "module": "morkbork",
      "path": "./packs/armor.db",
      "entity": "Item"
    },
    {
      "name": "weapons",
      "label": "Vapen",
      "system": "morkbork",
      "module": "morkbork",
      "path": "./packs/weapon.db",
      "entity": "Item"
    },
    {
      "name": "scrolls",
      "label": "Pergamentrullar",
      "system": "morkbork",
      "module": "morkbork",
      "path": "./packs/scrolls.db",
      "entity": "Item"
    },
    {
      "name": "classes",
      "label": "Klasser",
      "system": "morkbork",
      "module": "morkbork",
      "path": "./packs/classes.db",
      "entity": "Item"
    },
    {
      "name": "bestiary",
      "label": "Bestiary",
      "system": "morkbork",
      "module": "morkbork",
      "path": "./packs/bestiary.db",
      "entity": "Actor"
    },
    {
      "name": "macros",
      "label": "Macros",
      "system": "morkbork",
      "module": "morkbork",
      "path": "./packs/macros.db",
      "entity": "Macro"
    },
    {
      "name": "tables",
      "label": "Tables",
      "system": "morkbork",
      "module": "morkbork",
      "path": "./packs/tables.db",
      "entity": "RollTable"
    }
  ],
  "languages": [
    {
      "lang": "sv",
      "name": "Svenska",
      "path": "lang/sv.json"
    }
  ],
  "gridDistance": 5,
  "gridUnits": "ft",
  "primaryTokenAttribute": "health",
  "secondaryTokenAttribute": null,
  "url": "https://github.com/foag/morkbork",
  "manifest": "https://raw.githubusercontent.com/foag/morkbork/main/system.json",
  "download": "https://raw.githubusercontent.com/foag/morkbork/main/dist/morkbork.zip",
  "license": null
}