{
    "Actor": {
      "types": ["character", "npc"],
      "templates": {
        "base": {
          "biography": "",
          "movement":20,
          "health": {
            "value": 0,
            "min": 0,
            "max": 0
          },
          "currency": {
            "gp": 0,
            "sp": 0,
            "cp": 0
          }
        }
      },
      "npc": {
        "templates": ["base"],
        "morale": {
          "value": 0,
          "min": 0,
          "max": 12
        },
        "defence": {
          "description": "",
          "defenceDice": ""
        },
        "attack": {
          "description": "",
          "rangeType": "",
          "rangeDistance": "",
          "damageType": "",
          "damageDice": ""
        },
        "special": ""
      },
      "character": {
        "templates": ["base"],
        "experiences": 0,
        "powers": 0,
        "level": {
          "value": 1,
          "min":1,
          "max":10
        },
        "omens": {
          "value": 1,
          "min":0,
          "max":6
        },
        "inventorySlots": {
          "value":0,
          "max":20
        },
        "encumbrance": {
          "soaps":0,
          "stones":0,
          "sacks":0
        },
        "abilities": {
          "strength": {
            "value": 0,
            "min": -3,
            "max": 6
          },
          "agility": {
            "value": 0,
            "min": -3,
            "max": 6
          },
          "presence": {
            "value": 0,
            "min": -3,
            "max": 6
          },
          "toughness": {
            "value": 0,
            "min": -3,
            "max": 6
          }
        },
        "class": {
          "name": "Classless",
          "abilities": [],
          "origins": [],
          "modifiers": []
        }
      }
    },
    "Item": {
      "types": ["gear", "feature", "scroll", "weapon", "ammo", "armor", "class"],
      "templates": {
        "base": {
          "description": "",
          "encumbrance": {
            "sacks": 0,
            "stones": 0,
            "soaps": 0
          },
          "silver": 0
        },
        "feature": {
          "description": ""
        },
        "consumable": {
          "isConsumable": false,
          "usageDie": null,
          "usageDieType": null
        },
        "lightSource": {
          "hasLight": false,
          "lightRadius": null,
          "lightStrength": null
        },
        "activatedEffect": {
          "activation": {
            "type": "",
            "cost": 0,
            "condition": ""
          },
          "duration": {
            "value": null,
            "units": ""
          },
          "target": {
            "value": null,
            "width": null,
            "units": "",
            "type": ""
          },
          "range": {
            "value": null,
            "long": null,
            "units": ""
          },
          "uses": {
            "value": 0,
            "max": 0,
            "per": null
          },
          "consume": {
            "type": "",
            "target": null,
            "amount": null
          }
        }
      },
      "gear": {
        "templates": ["base", "consumable", "lightSource", "activatedEffect"],
        "quantity": 1
      },
      "feature": {
        "templates": ["feature", "activatedEffect"]
      },
      "scroll": {
        "templates": ["base", "activatedEffect"],
        "scrollType": ""
      },
      "weapon": {
        "templates": ["base", "consumable", "lightSource", "activatedEffect"],
        "damageDice": "",
        "hands": 1,
        "rangeType": "",
        "rangeDistance": "",
        "damageType": "",
        "drBonus": "0",
        "critRange": 20

      },
      "ammo": {
        "templates": ["base", "consumable", "lightSource"],
        "damageAdj": 0,
        "rangeAdj": 0,
        "damageType": ""
      },
      "armor": {
        "templates": ["base", "lightSource", "activatedEffect"],
        "tier": null,
        "damageReductionDice": "",
        "agilityPenalty": 0,
        "defencePenalty": 0
      },
      "class": {
        "source": "custom",
        "description": "",
        "baseOmensDice": "1d2",
        "canUseScrolls": true,
        "modifiers": [],
        "startingInfo": {
          "startingSilverDice": "2d6",
          "startingSilverMod": "10",
          "startingHitPointDice": "1d8",
          "startingHitPointAtt": "toughness",
          "strMod": null,
          "agiMod": null,
          "preMod": null,
          "touMod": null,
          "weaponsDice": "1d10",
          "armorDice": "1d4",
          "abilities": {
            "description": "",
            "options": []
          },
          "origins": {
            "description": "",
            "options": []
          }
        }
      }
    }
  }
  