{
    "traits": [
        "Lättirriterad",
        "Mindervärdeskomplex",
        "Auktoritetsproblem",
        "Glappkäftig",
        "GRYM",
        "Egocentrisk",
        "Nihilistisk",
        "Missbrukarnatur",
        "Milt manodepressiv",
        "Eftertänksam",
        "Hämndlysten",
        "Feg",
        "Lättirriterad",
        "Misstänksam",
        "Skoningslös",
        "Orolig",
        "Bitter",
        "Svekfull",
        "Slösaktig",
        "Arrogant"
    ],
    "bodies": [
        "Stirrig, manisk blick.",
        "Täckt av (för vissa) blasfemiska tatueringar.",
        "Sönderfrätt ansikte. Bär mask.",
        "Förlorat tre tår och haltar.",
        "Svältmager och likblek.",
        "Förlorat en arm som ersatts av rostig järnkrok (t6 skada).",
        "Drabbats av tandröta.",
        "Fruktansvärt vacker.",
        "Händer täckta av sår.",
        "Starr börjar sakteliga sprida sig i båda ögonen.",
        "Tovigt, långt hår, hem för minst en kackerlacka.",
        "Trasiga, sönderslagna öron.",
        "En nervskada, stress eller trauma gör att du skakar och rör dig ryckigt.",
        "Tämligen rundlagd och allmänt glad i mat.",
        "Saknar en tumme och ett långfinger.",
        "Kroniskt uppsvullen näsa.",
        "Ondskefull blick som gör det svårt att skaffa vänner.",
        "Obotlig fotsvamp.",
        "Söndertrasat och illaluktande öga med tillhörande piratlapp.",
        "Slitna och infekterade nagelband."
    ],
    "habits": [
        "Samlar på svart småsten. ",
        "Skär dig för hårt när eggar testas på egen hud.",
        "Kan inte lämna en krog utan att ha druckit. ",
        "Spelar bort pengar och lånar mer för att kunna fortsätta.",
        "Blir extremt defensiv om någon kritiserar.",
        "Tenderar att inte komma till saken. Har aldrig avslutat en berättelse.",
        "Samtalar periodvis med en dödskalle som bärs med. Du berättar allt för den och litar på skallen mer än någon annan.",
        "Gräver dig så mycket i näsan att det ofta börjar blöda.",
        "Skrattar åt dina egna skämt, vilka sällan är särskilt roliga, och ser det dessutom som nödvändigt att förklara dem.",
        "Drabbas periodvis av djup pessimism, oavsett personlighetsdrag, och tjatar om att allt ändå är meningslöst i en värld som snart dukar under.",
        "Inbiten insektsätare.",
        "Världen faller samman och maniskt krävs ett harmoniskt, perfekt yttre. ",
        "Harklar dig i stort sett efter varje avslutad mening.",
        "P y r o m a n i s k .",
        "Ju viktigare ett föremål är, desto lättare slarvas det bort.",
        "Försöker ofta så split mellan vänner för att göra dig själv populär.",
        "Börjar stamma när det ljugs.",
        "Fnittrar nervöst vid de sämsta möjliga tillfällena.",
        "Börjar vissla när gruppen verkligen måste hålla sig gömd <small>om 5, 7, 9, 11 eller 13 slås fram med t20. (du förnekar detta)</small>",
        "Tillverkar smycken av fällda fienders tänder."
    ],
    "names": [
        { "name": "Aerg-Tval", "cell": [1,1]},
        { "name": "Agn", "cell": [1,2]},
        { "name": "Arvant", "cell": [1,3]},
        { "name": "Belsum", "cell": [1,4]},
        { "name": "Belum", "cell": [1,5]},
        { "name": "Brint", "cell": [1,6]},
        { "name": "Börda", "cell": [1,7]},
        { "name": "Daeru", "cell": [1,8]},  
        { "name": "Eldar", "cell": [2,1]}, 
        { "name": "Felban", "cell": [2,2]}, 
        { "name": "Gotven", "cell": [2,3]},
        { "name": "Graft", "cell": [2,4]}, 
        { "name": "Grin", "cell": [2,5]},
        { "name": "Grittr", "cell": [2,6]}, 
        { "name": "Haerü", "cell": [2,7]}, 
        { "name": "Hargha", "cell": [2,8]},   
        { "name": "Harmug", "cell": [3,1]},
        { "name": "Jotna", "cell": [3,2]},
        { "name": "Karg", "cell": [3,3]},
        { "name": "Karva", "cell": [3,4]},
        { "name": "Katla", "cell": [3,5]},
        { "name": "Keftar", "cell": [3,6]},
        { "name": "Klort", "cell": [3,7]},
        { "name": "Kratar", "cell": [3,8]},
        { "name": "Kutz", "cell": [4,1]},
        { "name": "Kvetin", "cell": [4,2]},
        { "name": "Lygan", "cell": [4,3]},
        { "name": "Margar", "cell": [4,4]},
        { "name": "Merkari", "cell": [4,5]},
        { "name": "Nagl", "cell": [4,6]},
        { "name": "Niduk", "cell": [4,7]},
        { "name": "Nifehl", "cell": [4,8]},
        { "name": "Prügl", "cell": [5,1]},
        { "name": "Qillnach", "cell": [5,2]},
        { "name": "Risten", "cell": [5,3]},
        { "name": "Svind", "cell": [5,4]},
        { "name": "Theras", "cell": [5,5]},
        { "name": "Therg", "cell": [5,6]},
        { "name": "Torvul", "cell": [5,7]},
        { "name": "Törn", "cell": [5,8]},
        { "name": "Urm", "cell": [6,1]},
        { "name": "Urvarg","cell": [6,2]},
        { "name": "Vagal", "cell": [6,3]},
        { "name": "Vatan", "cell": [6,4]},
        { "name": "Von", "cell": [6,5]},
        { "name": "Vrakh", "cell": [6,6]},
        { "name": "Vresi", "cell": [6,7]},
        { "name": "Wemut", "cell": [6,8]}
    ]
}