[
    {
        "name": "Lätt rustning",
        "permission": {
            "default": 0
        },
        "type": "armor",
        "data": {
            "description": "(päls, tjockt tyg, läder etc...)",
            "encumbrance": {
                "sacks": 0,
                "stones": 1,
                "soaps": 0
            },
            "tier": {
                "value": 1,
                "max": 1,
                "min": 0
            },
            "silver": 20,
            "damageReductionDice": "1d2",
            "agilityPenalty": 0,
            "defencePenalty": 0,
            "hasLight": false,
            "lightRadius": null,
            "lightStrength": null
        },
        "flags": {},
        "img": "systems/morkbork/icons/items/armor/leather.png"
    },
    {
        "name": "Medeltung rustning",
        "permission": {
            "default": 0
        },
        "type": "armor",
        "data": {
            "description": "(fjällpansar, ringbrynja etc...) Pergamentrullar fungerar aldrig i kombination med medeltunga rustningar.",
            "encumbrance": {
                "sacks": 0,
                "stones": 2,
                "soaps": 0
            },
            "tier": {
                "value": 2,
                "max": 2,
                "min": 0
            },
            "silver": 100,
            "damageReductionDice": "1d4",
            "agilityPenalty": 2,
            "defencePenalty": 2,
            "hasLight": false,
            "lightRadius": null,
            "lightStrength": null
        },
        "flags": {},
        "img": "systems/morkbork/icons/items/armor/scale.png"
    },
    {
        "name": "Tung rustning",
        "permission": {
            "default": 0
        },
        "type": "armor",
        "data": {
            "description": "(lamellpansar, plåt etc...) Pergamentrullar fungerar aldrig i kombination med tunga rustningar.",
            "encumbrance": {
                "sacks": 0,
                "stones": 3,
                "soaps": 0
            },
            "tier": {
                "value": 3,
                "max": 3,
                "min": 0
            },
            "silver": 200,
            "damageReductionDice": "1d6",
            "agilityPenalty": 4,
            "defencePenalty": 2,
            "hasLight": false,
            "lightRadius": null,
            "lightStrength": null
        },
        "flags": {},
        "img": "systems/morkbork/icons/items/armor/plate.png"
    }
]