[
  {
      "name": "SETH Goblin",
      "permission": {
          "default": 0
      },
      "type": "npc",
      "data": {
          "biography": "Gobliner bär på en förbannelse. Instängda i deras kroppar finns fullt medvetna individer, som är oförmögna att påverka sin omgivning. Bli anfallen av en goblin och du drabbas av förbannelsen! Det är allt som krävs. Träff eller miss, det spelar ingen roll. I Sarkashs nattmörker skjuter de på förbipasserande stackare med sina kortbågar. Man måste finna och dräpa goblinen innan sinnet lamslås. Om den attackerande goblinen fortfarande lever t6 dagar efter att du angripits så förvandlas du permanent till en goblin.",
          "movement":20,
          "health": {
              "value": 6,
              "min": 0,
              "max": 6
          },
          "currency": {
              "gp": null,
              "sp": 0,
              "cp": null
          },
          "morale": {
            "value": 7,
            "min": null,
            "max": 12
          },
          "defence": {
            "description": "Seg hud",
            "defenceDice": "1d2"
          },
          "attack": {
            "description": "Kniv/kortbåge",
            "rangeType": "both",
            "rangeDistance": "close",
            "damageType": "piercing",
            "damageDice": "1d4"
          },
          "special": "Kvick, anfall och försvar görs mot SG14."
      },
      "flags": {},
      "img": "systems/morkbork/icons/bestiary/SETH_Goblin.webp"
  },
  {
    "name": "BENT Slusk",
    "permission": {
        "default": 0
    },
    "type": "npc",
    "data": {
        "biography": "Slummens och de mörka grändernas hatade kräk. Vid misslyckat Närvaro mot SG14 (den i gruppen med högst) skadas automatiskt slumpad RP av ett fegt lönnhugg i början av striden, alltså normal skada +3.",
        "movement":20,
        "health": {
            "value": 7,
            "min": 0,
            "max": 7
        },
        "currency": {
            "gp": null,
            "sp": 0,
            "cp": null
        },
        "morale": {
          "value": 8,
          "min": null,
          "max": 12
        },
        "defence": {
          "description": "Inget skydd",
          "defenceDice": null
        },
        "attack": {
          "description": "Förgiftad kniv",
          "rangeType": "melee",
          "rangeDistance": "close",
          "damageType": "piercing",
          "damageDice": "1d4"
        },
        "special": "Förgiftad kniv. Tålighet mot SG 10 eller drabbas av infektion."
    },
    "flags": {},
    "img": "systems/morkbork/icons/bestiary/BENT_Scum.webp"
  },
  {
    "name": "ZUKUMA Bärsärk",
    "permission": {
        "default": 0
    },
    "type": "npc",
    "data": {
        "biography": "Kan plötsligt dyka upp som från ingenstans; ur dammet i det tomma rummet, bland kummelåsens staplade stenar.",
        "movement":20,
        "health": {
            "value": 13,
            "min": 0,
            "max": 13
        },
        "currency": {
            "gp": null,
            "sp": 0,
            "cp": null
        },
        "morale": {
          "value": 9,
          "min": null,
          "max": 12
        },
        "defence": {
          "description": "Härdad hud",
          "defenceDice": "1d2"
        },
        "attack": {
          "description": "",
          "rangeType": "melee",
          "rangeDistance": "close",
          "damageType": "bludgeoning",
          "damageDice": "1d8"
        },
        "special": "Anfaller två gånger per runda men hinner knappt försvara sig (anfall SG10). Vapen: 1. Långt stridsgissel t8 2. Tung stridsklubba t6 3. Svärd med kedja t6 4. Tvåhandshammare t10"
    },
    "flags": {},
    "img": "systems/morkbork/icons/bestiary/ZUKUMA_Berserker.webp"
  },
  {
    "name": "WRAT Vålnad",
    "permission": {
        "default": 0
    },
    "type": "npc",
    "data": {
        "biography": "Vålnaden är helt tyst och vinner alltid initiativ.",
        "movement":20,
        "health": {
            "value": 15,
            "min": 0,
            "max": 15
        },
        "currency": {
            "gp": null,
            "sp": 0,
            "cp": null
        },
        "morale": {
          "value": null,
          "min": null,
          "max": 12
        },
        "defence": {
          "description": "Inget skydd",
          "defenceDice": null
        },
        "attack": {
          "description": "",
          "rangeType": "melee",
          "rangeDistance": "touch",
          "damageType": "magical",
          "damageDice": "1d4"
        },
        "special": "Snabba och svåra att träffa (SG14). Varje beröring dränerar också Styrka, Närvaro och Smidighet med –1 under striden."
    },
    "flags": {},
    "img": "systems/morkbork/icons/bestiary/WRAT_Wraith.webp"
  },
  {
    "name": "BELZE Blodingt skelett",
    "permission": {
        "default": 0
    },
    "type": "npc",
    "data": {
        "biography": "Tassar fram helt ljudlöst och överraskar sina offer. Kan också imitera röster för att locka till sig folk, men kan bara upprepa sådant de hört.",
        "movement":20,
        "health": {
            "value": 7,
            "min": 0,
            "max": 7
        },
        "currency": {
            "gp": null,
            "sp": 0,
            "cp": null
        },
        "morale": {
          "value": 8,
          "min": null,
          "max": 12
        },
        "defence": {
          "description": "Inget skydd",
          "defenceDice": null
        },
        "attack": {
          "description": "Kortsvärd eller kniv",
          "rangeType": "melee",
          "rangeDistance": "close",
          "damageType": "slashing",
          "damageDice": "1d4"
        },
        "special": "Svåra (SG14) att skada med stickvapen då de är så blodigt glatta, men attacker som gör 5 eller mer i skada får dem att falla sönder direkt."
    },
    "flags": {},
    "img": "systems/morkbork/icons/bestiary/BELZE_skeleton.webp"
  },
  {
    "name": "LICH Odöd (klen) nekromagiker",
    "permission": {
        "default": 0
    },
    "type": "npc",
    "data": {
        "biography": "Ingen kan nyttja Krafter i närheten av denna varelse från vidrig verklighet. Nekromagikern kan ”stjäla” innehållet ur en pergamentrulle varje runda, och därefter använda Kraften mot dess ägare.",
        "movement":20,
        "health": {
            "value": 15,
            "min": 0,
            "max": 15
        },
        "currency": {
            "gp": null,
            "sp": 0,
            "cp": null
        },
        "morale": {
          "value": null,
          "min": null,
          "max": 12
        },
        "defence": {
          "description": "Barriär (necro",
          "defenceDice": "1d4"
        },
        "attack": {
          "description": "Slag",
          "rangeType": "melee",
          "rangeDistance": "touch",
          "damageType": "magical",
          "damageDice": "1d6"
        },
        "special": "Paralyserar vid beröring (Närvaro mot SG14 varje runda för att häva)."
    },
    "flags": {},
    "img": "systems/morkbork/icons/bestiary/LICH_Undead.webp"
  },
  {
    "name": "ARBINT Troll",
    "permission": {
        "default": 0
    },
    "type": "npc",
    "data": {
        "biography": "Fega som få, trots sin storlek. Drar sig ofta tillbaka om de skadats allvarligt. Glömmer aldrig den som åsamkat skadan. De växer dessutom under läkeprocessen och kommer garanterat tillbaka, starkare än någonsin. Alla TP som läks läggs till deras maximala TP. De kommer också att göra +t6 i skada vid återkomst.",
        "movement":20,
        "health": {
            "value": 32,
            "min": 0,
            "max": 32
        },
        "currency": {
            "gp": null,
            "sp": 0,
            "cp": null
        },
        "morale": {
          "value": null,
          "min": null,
          "max": 12
        },
        "defence": {
          "description": "Tjock hud",
          "defenceDice": "1d2"
        },
        "attack": {
          "description": "Näve",
          "rangeType": "melee",
          "rangeDistance": "close",
          "damageType": "bludgeoning",
          "damageDice": "2d6"
        },
        "special": "Lätt att träffa; SG10 vid anfall."
    },
    "flags": {},
    "img": "systems/morkbork/icons/bestiary/ARBINT_Troll.webp"
  },
  {
    "name": "NODH zombie",
    "permission": {
        "default": 0
    },
    "type": "npc",
    "data": {
        "biography": "Det ryktas om ett slags vaccin som ska finnas tillgängligt uppe på ett blekt berg bortom en eländigt svart skog. I synnerhet kung Fathmu IX av Wästland trånar efter vaccinet. Han råkar veta namn och plats på den skog som överskuggas av berget.",
        "movement":20,
        "health": {
            "value": 7,
            "min": 0,
            "max": 7
        },
        "currency": {
            "gp": null,
            "sp": 0,
            "cp": null
        },
        "morale": {
          "value": null,
          "min": null,
          "max": 12
        },
        "defence": {
          "description": "Läderslamsor",
          "defenceDice": "1d2"
        },
        "attack": {
          "description": "Slag/bett",
          "rangeType": "melee",
          "rangeDistance": "close",
          "damageType": "slashing",
          "damageDice": "1d2"
        },
        "special": "Vid bett måste Tålighet mot SG 8 klaras för att inte dö inom två dagar och sedan vakna som en zombie."
    },
    "flags": {},
    "img": "systems/morkbork/icons/bestiary/NOHD_Zombie.webp"
  },
  {
    "name": "LADY PORCELAIN odöd docka",
    "permission": {
        "default": 0
    },
    "type": "npc",
    "data": {
        "biography": "I Tveland bestraffas reliktjuvar, ärekränkare och korrupta tjänstemän hårt. Deras barn eller barnbarn stängs in i porslinsdockor och placeras i kyrkfönster, där de går en plågsam död till mötes. Trots skyddande ritualer vaknar ändå dockorna ibland till odött liv för att hämnas. De håller ofta samman i stora grupper.",
        "movement":20,
        "health": {
            "value": 11,
            "min": 0,
            "max": 11
        },
        "currency": {
            "gp": null,
            "sp": 0,
            "cp": null
        },
        "morale": {
          "value": null,
          "min": null,
          "max": 12
        },
        "defence": {
          "description": "Porslin",
          "defenceDice": "1d2"
        },
        "attack": {
          "description": "Klor/naggande bett",
          "rangeType": "melee",
          "rangeDistance": "close",
          "damageType": "piercing",
          "damageDice": "1d4"
        },
        "special": "Utöver sina obehagliga naglar och små tänder, har dockorna också en galen blick som kräver Närvaro mot SG12 (inledningsvis i strid) för att inte paralysera av skräck under t4 rundor."
    },
    "flags": {},
    "img": "systems/morkbork/icons/bestiary/LADY_POROCELAIN_Undead_Doll.webp"
  },
  {
    "name": "THINX Grotesque",
    "permission": {
        "default": 0
    },
    "type": "npc",
    "data": {
        "biography": "Trivs vid kyrkor och på gravplatser. Kan hålla sig väldigt stilla och mot grå sten är den svår att upptäcka. Verkar närma sig när du tittar bort.",
        "movement":20,
        "health": {
            "value": 18,
            "min": 0,
            "max": 18
        },
        "currency": {
            "gp": null,
            "sp": 0,
            "cp": null
        },
        "morale": {
          "value": null,
          "min": null,
          "max": 12
        },
        "defence": {
          "description": "Lera/sten",
          "defenceDice": "1d6"
        },
        "attack": {
          "description": "Klor",
          "rangeType": "both",
          "rangeDistance": "close",
          "damageType": "slashing",
          "damageDice": "1d6"
        },
        "special": "Rör sig långsamt och är lätt (SG10) att träffa, men dess penetrerande ögon är omöjliga att skydda sig från. Ögonen används vid 1–2 på t6 varje runda. Träffar automatiskt."
    },
    "flags": {},
    "img": "systems/morkbork/icons/bestiary/THINX_Grotesque.webp"
  },
  {
    "name": "ALAND Lyktgubbe med kniv",
    "permission": {
        "default": 0
    },
    "type": "npc",
    "data": {
        "biography": "Smyger upp bakom sina offer, tysta som natten. Håller till i städers utkanter och där Sarkash blir djup nog. 25 % risk att skador från den sjukligt smutsiga kniven leder till infektion.",
        "movement":20,
        "health": {
            "value": 10,
            "min": 0,
            "max": 10
        },
        "currency": {
            "gp": null,
            "sp": 0,
            "cp": null
        },
        "morale": {
          "value": 7,
          "min": null,
          "max": 12
        },
        "defence": {
          "description": "Inget skydd",
          "defenceDice": null
        },
        "attack": {
          "description": "Kniv med gammalt blod",
          "rangeType": "melee",
          "rangeDistance": "close",
          "damageType": "slashing",
          "damageDice": "1d4"
        },
        "special": "Kan släcka alla ljuskällor i sin omgivning, slå på sitt eget förblindande ljus och anfalla. För att sedan släcka ner och försvinna i mörkret."
    },
    "flags": {},
    "img": "systems/morkbork/icons/bestiary/ALAND_Wickhead.webp"
  },
  {
    "name": "EULOTHA Wyvern",
    "permission": {
        "default": 0
    },
    "type": "npc",
    "data": {
        "biography": "Med svansens giftiga sting riskerar offret att paralyseras (Tålighet mot SG14) en plågsam timme.",
        "movement":20,
        "health": {
            "value": 25,
            "min": 0,
            "max": 25
        },
        "currency": {
            "gp": null,
            "sp": 0,
            "cp": null
        },
        "morale": {
          "value": 10,
          "min": null,
          "max": 12
        },
        "defence": {
          "description": "Tjockt skinn",
          "defenceDice": "1d4"
        },
        "attack": {
          "description": "Bett/Sting",
          "rangeType": "melee",
          "rangeDistance": "close",
          "damageType": "piercing",
          "damageDice": "1d6"
        },
        "special": "60 % chans att hon bits."
    },
    "flags": {},
    "img": "systems/morkbork/icons/bestiary/EULOTHA_Wyvern.webp"
  }
]