[
    {
        "name": "Fackla",
        "permission": {
            "default": 0
        },
        "type": "gear",
        "data": {
            "description": "",
            "volume": 1,
            "silver": 2,
            "usageDie": null,
            "quantity": 1,
            "usageDieType": null,
            "isConsumable": false,
            "hasLight": false,
            "lightRadius": null,
            "lightStrength": null,
            "startingEquipment": {
                "group": 2,
                "order": 2,
                "modAbility": "presence",
                "quantity": 4
            }
        },
        "flags": {},
        "img": "systems/morkbork/icons/items/gear/lantern.jpg"
    },
    {
        "name": "Oljelampa",
        "permission": {
            "default": 0
        },
        "type": "gear",
        "data": {
            "description": "",
            "volume": 1,
            "silver": 10,
            "usageDie": null,
            "quantity": 1,
            "usageDieType": null,
            "isConsumable": false,
            "hasLight": false,
            "lightRadius": null,
            "lightStrength": null,
            "startingEquipment": {
                "group": 2,
                "order": 3,
                "modAbility": "presence",
                "quantity": 6
            }
        },
        "flags": {},
        "img": "systems/morkbork/icons/items/gear/lantern.jpg"
    },
    {
        "name": "Ryggsäck",
        "permission": {
            "default": 0
        },
        "type": "gear",
        "data": {
            "description": "rymmer 7 normalstora föremål",
            "volume": 1,
            "carryCapacity": 7,
            "silver": 6,
            "usageDie": null,
            "quantity": 1,
            "usageDieType": null,
            "isConsumable": false,
            "hasLight": false,
            "lightRadius": null,
            "lightStrength": null,
            "startingEquipment": {
                "group": 1,
                "order": 3
            }
        },
        "flags": {},
        "img": "systems/morkbork/icons/items/gear/generic.jpg"
    },
    {
        "name": "Säck",
        "permission": {
            "default": 0
        },
        "type": "gear",
        "data": {
            "description": "rymmer 10 normalstora föremål",
            "volume": 1,
            "carryCapacity": 10,
            "silver": 3,
            "usageDie": null,
            "quantity": 1,
            "usageDieType": null,
            "isConsumable": false,
            "hasLight": false,
            "lightRadius": null,
            "lightStrength": null,
            "startingEquipment": {
                "group": 1,
                "order": 4
            }
        },
        "flags": {},
        "img": "systems/morkbork/icons/items/gear/generic.jpg"
    },
    {
        "name": "Liten vagn",
        "permission": {
            "default": 0
        },
        "type": "gear",
        "data": {
            "description": "rymmer 20 normalstora föremål",
            "volume": 1,
            "carryCapacity": 20,
            "silver": 25,
            "usageDie": null,
            "quantity": 1,
            "usageDieType": null,
            "isConsumable": false,
            "hasLight": false,
            "lightRadius": null,
            "lightStrength": null,
            "startingEquipment": {
                "group": 1,
                "order": 5
            }
        },
        "flags": {},
        "img": "systems/morkbork/icons/items/gear/generic.jpg"
    },
    {
        "name": "Saxfälla",
        "permission": {
            "default": 0
        },
        "type": "gear",
        "data": {
            "description": "SG14 för att upptäcka, t8 skada",
            "volume": 1,
            "silver": 20,
            "usageDie": null,
            "quantity": 1,
            "usageDieType": null,
            "isConsumable": false,
            "hasLight": false,
            "lightRadius": null,
            "lightStrength": null,
            "startingEquipment": {
                "group": 2,
                "order": 9,
                "modAbility": null,
                "quantity": 1
            }
        },
        "flags": {},
        "img": "systems/morkbork/icons/items/gear/generic.jpg"
    },
    {
        "name": "Filt",
        "permission": {
            "default": 0
        },
        "type": "gear",
        "data": {
            "description": "",
            "volume": 1,
            "silver": 4,
            "usageDie": null,
            "quantity": 1,
            "usageDieType": null,
            "isConsumable": false,
            "hasLight": false,
            "lightRadius": null,
            "lightStrength": null
        },
        "flags": {},
        "img": "systems/morkbork/icons/items/gear/generic.jpg"
    },
    {
        "name": "Fotanglar",
        "permission": {
            "default": 0
        },
        "type": "gear",
        "data": {
            "description": "t4 skada + infektion vid 1 på t6",
            "volume": 1,
            "silver": 7,
            "usageDie": null,
            "quantity": 1,
            "usageDieType": null,
            "isConsumable": false,
            "hasLight": false,
            "lightRadius": null,
            "lightStrength": null
        },
        "flags": {},
        "img": "systems/morkbork/icons/items/gear/caltrop.jpg"
    },
    {
        "name": "Krita",
        "permission": {
            "default": 0
        },
        "type": "gear",
        "data": {
            "description": "",
            "volume": 1,
            "silver": 1,
            "usageDie": "Ud8",
            "quantity": 1,
            "usageDieType": "uses",
            "isConsumable": true,
            "hasLight": false,
            "lightRadius": null,
            "lightStrength": null
        },
        "flags": {},
        "img": "systems/morkbork/icons/items/gear/generic.jpg"
    },
    {
        "name": "Tuggtobak",
        "permission": {
            "default": 0
        },
        "type": "gear",
        "data": {
            "description": "",
            "volume": 1,
            "silver": 1,
            "usageDie": "Ud6",
            "quantity": 1,
            "usageDieType": "uses",
            "isConsumable": true,
            "hasLight": false,
            "lightRadius": null,
            "lightStrength": null
        },
        "flags": {},
        "img": "systems/morkbork/icons/items/gear/pipe.jpg"
    },
    {
        "name": "Bräckjärn",
        "permission": {
            "default": 0
        },
        "type": "gear",
        "data": {
            "description": "",
            "volume": 1,
            "silver": 8,
            "usageDie": null,
            "quantity": 1,
            "usageDieType": null,
            "isConsumable": false,
            "hasLight": false,
            "lightRadius": null,
            "lightStrength": null,
            "startingEquipment": {
                "group": 3,
                "order": 10
            }
        },
        "flags": {},
        "img": "systems/morkbork/icons/items/gear/generic.jpg"
    },
    {
        "name": "Krucifix, silver",
        "permission": {
            "default": 0
        },
        "type": "gear",
        "data": {
            "description": "",
            "volume": 1,
            "silver": 60,
            "usageDie": null,
            "quantity": 1,
            "usageDieType": null,
            "isConsumable": false,
            "hasLight": false,
            "lightRadius": null,
            "lightStrength": null,
            "startingEquipment": {
                "group": 2,
                "order": 12,
                "modAbility": null,
                "quantity": 1
            }
        },
        "flags": {},
        "img": "systems/morkbork/icons/items/gear/generic.jpg"
    },
    {
        "name": "Krucifix, trä",
        "permission": {
            "default": 0
        },
        "type": "gear",
        "data": {
            "description": "",
            "volume": 1,
            "silver": 8,
            "usageDie": null,
            "quantity": 1,
            "usageDieType": null,
            "isConsumable": false,
            "hasLight": false,
            "lightRadius": null,
            "lightStrength": null
        },
        "flags": {},
        "img": "systems/morkbork/icons/items/gear/generic.jpg"
    },
    {
        "name": "Dyrbar parfym",
        "permission": {
            "default": 0
        },
        "type": "gear",
        "data": {
            "description": "",
            "volume": 1,
            "silver": 25,
            "usageDie": null,
            "quantity": 1,
            "usageDieType": null,
            "isConsumable": false,
            "hasLight": false,
            "lightRadius": null,
            "lightStrength": null,
            "startingEquipment": {
                "group": 3,
                "order": 5
            }
        },
        "flags": {},
        "img": "systems/morkbork/icons/items/gear/bottle-empty.jpg"
    },
    {
        "name": "Eldstål",
        "permission": {
            "default": 0
        },
        "type": "gear",
        "data": {
            "description": "",
            "volume": 1,
            "silver": 4,
            "usageDie": null,
            "quantity": 1,
            "usageDieType": null,
            "isConsumable": false,
            "hasLight": false,
            "lightRadius": null,
            "lightStrength": null
        },
        "flags": {},
        "img": "systems/morkbork/icons/items/gear/generic.jpg"
    },
    {
        "name": "Änterhake",
        "permission": {
            "default": 0
        },
        "type": "gear",
        "data": {
            "description": "",
            "volume": 1,
            "silver": 12,
            "usageDie": null,
            "quantity": 1,
            "usageDieType": null,
            "isConsumable": false,
            "hasLight": false,
            "lightRadius": null,
            "lightStrength": null,
            "startingEquipment": {
                "group": 3,
                "order": 8
            }
        },
        "flags": {},
        "img": "systems/morkbork/icons/items/gear/generic.jpg"
    },
    {
        "name": "Hammare",
        "permission": {
            "default": 0
        },
        "type": "gear",
        "data": {
            "description": "",
            "volume": 1,
            "silver": 8,
            "usageDie": null,
            "quantity": 1,
            "usageDieType": null,
            "isConsumable": false,
            "hasLight": false,
            "lightRadius": null,
            "lightStrength": null
        },
        "flags": {},
        "img": "systems/morkbork/icons/items/gear/hammer.jpg"
    },
    {
        "name": "Tung kätting",
        "permission": {
            "default": 0
        },
        "type": "gear",
        "data": {
            "description": "5 meter",
            "volume": 1,
            "silver": 10,
            "usageDie": null,
            "quantity": 1,
            "usageDieType": null,
            "isConsumable": false,
            "hasLight": false,
            "lightRadius": null,
            "lightStrength": null,
            "startingEquipment": {
                "group": 3,
                "order": 7
            }
        },
        "flags": {},
        "img": "systems/morkbork/icons/items/gear/chain.jpg"
    },
    {
        "name": "Järnspikar",
        "permission": {
            "default": 0
        },
        "type": "gear",
        "data": {
            "description": "10 stycken",
            "volume": 1,
            "silver": 5,
            "usageDie": null,
            "quantity": 1,
            "usageDieType": null,
            "isConsumable": false,
            "hasLight": false,
            "lightRadius": null,
            "lightStrength": null
        },
        "flags": {},
        "img": "systems/morkbork/icons/items/gear/generic.jpg"
    },
    {
        "name": "Stege",
        "permission": {
            "default": 0
        },
        "type": "gear",
        "data": {
            "description": "",
            "volume": 1,
            "silver": 7,
            "usageDie": null,
            "quantity": 1,
            "usageDieType": null,
            "isConsumable": false,
            "hasLight": false,
            "lightRadius": null,
            "lightStrength": null
        },
        "flags": {},
        "img": "systems/morkbork/icons/items/gear/generic.jpg"
    },
    {
        "name": "Lock",
        "permission": {
            "default": 0
        },
        "type": "gear",
        "data": {
            "description": "",
            "volume": 1,
            "silver": 55,
            "usageDie": null,
            "quantity": 1,
            "usageDieType": null,
            "isConsumable": false,
            "hasLight": false,
            "lightRadius": null,
            "lightStrength": null
        },
        "flags": {},
        "img": "systems/morkbork/icons/items/gear/lock.jpg"
    },
    {
        "name": "Stor järnkrok",
        "permission": {
            "default": 0
        },
        "type": "gear",
        "data": {
            "description": "",
            "volume": 1,
            "silver": 9,
            "usageDie": null,
            "quantity": 1,
            "usageDieType": null,
            "isConsumable": false,
            "hasLight": false,
            "lightRadius": null,
            "lightStrength": null
        },
        "flags": {},
        "img": "systems/morkbork/icons/items/gear/tool-hook.jpg"
    },
    {
        "name": "Dyrkar",
        "permission": {
            "default": 0
        },
        "type": "gear",
        "data": {
            "description": "",
            "volume": 1,
            "silver": 5,
            "usageDie": "Ud12",
            "quantity": 1,
            "usageDieType": "uses",
            "isConsumable": true,
            "hasLight": false,
            "lightRadius": null,
            "lightStrength": null,
            "startingEquipment": {
                "group": 2,
                "order": 8,
                "modAbility": null,
                "quantity": 1
            }
        },
        "flags": {},
        "img": "systems/morkbork/icons/items/gear/lockpick.jpg"
    },
    {
        "name": "Magnesiumremsa",
        "permission": {
            "default": 0
        },
        "type": "gear",
        "data": {
            "description": "",
            "volume": 1,
            "silver": 4,
            "usageDie": "Ud4",
            "quantity": 1,
            "usageDieType": "uses",
            "isConsumable": true,
            "hasLight": false,
            "lightRadius": null,
            "lightStrength": null,
            "startingEquipment": {
                "group": 2,
                "order": 4,
                "modAbility": null,
                "quantity": 1
            }
        },
        "flags": {},
        "img": "systems/morkbork/icons/items/gear/generic.jpg"
    },
    {
        "name": "Handklovar",
        "permission": {
            "default": 0
        },
        "type": "gear",
        "data": {
            "description": "",
            "volume": 1,
            "silver": 10,
            "usageDie": null,
            "quantity": 1,
            "usageDieType": null,
            "isConsumable": false,
            "hasLight": false,
            "lightRadius": null,
            "lightStrength": null
        },
        "flags": {},
        "img": "systems/morkbork/icons/items/gear/generic.jpg"
    },
    {
        "name": "Köttyxa",
        "permission": {
            "default": 0
        },
        "type": "gear",
        "data": {
            "description": "",
            "volume": 1,
            "silver": 15,
            "usageDie": null,
            "quantity": 1,
            "usageDieType": null,
            "isConsumable": false,
            "hasLight": false,
            "lightRadius": null,
            "lightStrength": null
        },
        "flags": {},
        "img": "systems/morkbork/icons/items/gear/generic.jpg"
    },
    {
        "name": "Förbandslåda",
        "permission": {
            "default": 0
        },
        "type": "gear",
        "data": {
            "description": "Stoppar blödning/infektion och +t6 TP. Närvaro + 4 användningar",
            "volume": 1,
            "silver": 15,
            "usageDie": "Ud6",
            "quantity": 1,
            "usageDieType": "uses",
            "isConsumable": true,
            "hasLight": false,
            "lightRadius": null,
            "lightStrength": null,
            "startingEquipment": {
                "group": 2,
                "order": 7,
                "modAbility": "presence",
                "quantity": 4
            }
        },
        "flags": {},
        "img": "systems/morkbork/icons/items/gear/herb-bag.jpg"
    },
    {
        "name": "Metallfil",
        "permission": {
            "default": 0
        },
        "type": "gear",
        "data": {
            "description": "",
            "volume": 1,
            "silver": 10,
            "usageDie": null,
            "quantity": 1,
            "usageDieType": null,
            "isConsumable": false,
            "hasLight": false,
            "lightRadius": null,
            "lightStrength": null,
            "startingEquipment": {
                "group": 2,
                "order": 8,
                "modAbility": null,
                "quantity": 1
            }
        },
        "flags": {},
        "img": "systems/morkbork/icons/items/gear/generic.jpg"
    },
    {
        "name": "Spegel",
        "permission": {
            "default": 0
        },
        "type": "gear",
        "data": {
            "description": "",
            "volume": 1,
            "silver": 15,
            "usageDie": null,
            "quantity": 1,
            "usageDieType": null,
            "isConsumable": false,
            "hasLight": false,
            "lightRadius": null,
            "lightStrength": null
        },
        "flags": {},
        "img": "systems/morkbork/icons/items/gear/generic.jpg"
    },
    {
        "name": "Svart gift",
        "permission": {
            "default": 0
        },
        "type": "gear",
        "data": {
            "description": "Tålighet mot SG14 eller t6 skada + blind en timme. 3 doser",
            "volume": 1,
            "silver": 20,
            "usageDie": "1d6",
            "quantity": 1,
            "usageDieType": "uses",
            "isConsumable": true,
            "hasLight": false,
            "lightRadius": null,
            "lightStrength": null
        },
        "flags": {},
        "img": "systems/morkbork/icons/items/gear/bottle-empty.jpg"
    },
    {
        "name": "Rött gift",
        "permission": {
            "default": 0
        },
        "type": "gear",
        "data": {
            "description": "Tålighet mot SG12 eller t10 skada. 3 doser",
            "volume": 1,
            "silver": 20,
            "usageDie": "1d10",
            "quantity": 1,
            "usageDieType": "uses",
            "isConsumable": true,
            "hasLight": false,
            "lightRadius": null,
            "lightStrength": null,
            "startingEquipment": {
                "group": 2,
                "order": 11,
                "modAbility": null,
                "quantity": 1
            }
        },
        "flags": {},
        "img": "systems/morkbork/icons/items/gear/bottle-empty.jpg"
    },
    {
        "name": "Rep",
        "permission": {
            "default": 0
        },
        "type": "gear",
        "data": {
            "description": "10 meter",
            "volume": 1,
            "silver": 4,
            "usageDie": null,
            "quantity": 1,
            "usageDieType": null,
            "isConsumable": false,
            "hasLight": false,
            "lightRadius": null,
            "lightStrength": null,
            "startingEquipment": {
                "group": 2,
                "order": 1
            }
        },
        "flags": {},
        "img": "systems/morkbork/icons/items/gear/rope.jpg"
    },
    {
        "name": "Verktygslåda",
        "permission": {
            "default": 0
        },
        "type": "gear",
        "data": {
            "description": "inkl. 10 spikar, hammare, liten såg, tång",
            "volume": 1,
            "silver": 20,
            "usageDie": null,
            "quantity": 1,
            "usageDieType": null,
            "isConsumable": false,
            "hasLight": false,
            "lightRadius": null,
            "lightStrength": null,
            "startingEquipment": {
                "group": 3,
                "order": 6
            }
        },
        "flags": {},
        "img": "systems/morkbork/icons/items/gear/generic.jpg"
    },
    {
        "name": "Salt",
        "permission": {
            "default": 0
        },
        "type": "gear",
        "data": {
            "description": "",
            "volume": 1,
            "silver": 4,
            "usageDie": "Ud8",
            "quantity": 1,
            "usageDieType": "uses",
            "isConsumable": true,
            "hasLight": false,
            "lightRadius": null,
            "lightStrength": null
        },
        "flags": {},
        "img": "systems/morkbork/icons/items/gear/generic.jpg"
    },
    {
        "name": "Sax",
        "permission": {
            "default": 0
        },
        "type": "gear",
        "data": {
            "description": "",
            "volume": 1,
            "silver": 9,
            "usageDie": null,
            "quantity": 1,
            "usageDieType": null,
            "isConsumable": false,
            "hasLight": false,
            "lightRadius": null,
            "lightStrength": null
        },
        "flags": {},
        "img": "systems/morkbork/icons/items/gear/generic.jpg"
    },
    {
        "name": "Vass nål",
        "permission": {
            "default": 0
        },
        "type": "gear",
        "data": {
            "description": "",
            "volume": 1,
            "silver": 3,
            "usageDie": null,
            "quantity": 1,
            "usageDieType": null,
            "isConsumable": false,
            "hasLight": false,
            "lightRadius": null,
            "lightStrength": null,
            "startingEquipment": {
                "group": 2,
                "order": 6,
                "modAbility": null,
                "quantity": 1
            }
        },
        "flags": {},
        "img": "systems/morkbork/icons/items/gear/generic.jpg"
    },
    {
        "name": "Vattenskinn",
        "permission": {
            "default": 0
        },
        "type": "gear",
        "data": {
            "description": "inkl. 4 dygns vatten",
            "volume": 1,
            "silver": 4,
            "usageDie": null,
            "quantity": 1,
            "usageDieType": null,
            "isConsumable": false,
            "hasLight": false,
            "lightRadius": null,
            "lightStrength": null,
            "startingEquipment": {
                "group": 0,
                "order": 1
            }
        },
        "flags": {},
        "img": "systems/morkbork/icons/items/gear/generic.jpg"
    },
    {
        "name": "Torkad mat",
        "permission": {
            "default": 0
        },
        "type": "gear",
        "data": {
            "description": "räcker 1 dag",
            "volume": 1,
            "silver": 4,
            "usageDie": null,
            "quantity": 1,
            "usageDieType": null,
            "isConsumable": false,
            "hasLight": false,
            "lightRadius": null,
            "lightStrength": null,
            "startingEquipment": {
                "group": 0,
                "order": 2
            }
        },
        "flags": {},
        "img": "systems/morkbork/icons/items/gear/generic.jpg"
    },
    {
        "name": "Bomb",
        "permission": {
            "default": 0
        },
        "type": "gear",
        "data": {
            "description": "Sealed Bottle, d10 Damage",
            "volume": 1,
            "silver": null,
            "usageDie": null,
            "quantity": 1,
            "usageDieType": null,
            "isConsumable": false,
            "hasLight": false,
            "lightRadius": null,
            "lightStrength": null,
            "startingEquipment": {
                "group": 2,
                "order": 10,
                "modAbility": null,
                "quantity": 1
            }
        },
        "flags": {},
        "img": "systems/morkbork/icons/items/gear/bomb.jpg"
    },
    {
        "name": "10ft Pole",
        "permission": {
            "default": 0
        },
        "type": "gear",
        "data": {
            "description": "",
            "volume": 1,
            "silver": 2,
            "usageDie": null,
            "quantity": 1,
            "usageDieType": null,
            "isConsumable": false,
            "hasLight": false,
            "lightRadius": null,
            "lightStrength": null
        },
        "flags": {},
        "img": "systems/morkbork/icons/items/gear/generic.jpg"
    },
    {
        "name": "Net",
        "permission": {
            "default": 0
        },
        "type": "gear",
        "data": {
            "description": "",
            "encumbrance": {
                "sacks": 0,
                "stones": 1,
                "soaps": 0
            },
            "silver": 4,
            "usageDie": null,
            "quantity": 1,
            "usageDieType": null,
            "isConsumable": false,
            "hasLight": false,
            "lightRadius": null,
            "lightStrength": null
        },
        "flags": {},
        "img": "systems/morkbork/icons/items/gear/net.jpg"
    },
    {
        "name": "Tinderbox",
        "permission": {
            "default": 0
        },
        "type": "gear",
        "data": {
            "description": "",
            "encumbrance": {
                "sacks": 0,
                "stones": 0,
                "soaps": 5
            },
            "silver": 2,
            "usageDie": null,
            "quantity": 1,
            "usageDieType": null,
            "isConsumable": false,
            "hasLight": false,
            "lightRadius": null,
            "lightStrength": null
        },
        "flags": {},
        "img": "systems/morkbork/icons/items/gear/generic.jpg"
    },
    {
        "name": "Shovel",
        "permission": {
            "default": 0
        },
        "type": "gear",
        "data": {
            "description": "",
            "encumbrance": {
                "sacks": 0,
                "stones": 1,
                "soaps": 0
            },
            "silver": 6,
            "usageDie": null,
            "quantity": 1,
            "usageDieType": null,
            "isConsumable": false,
            "hasLight": false,
            "lightRadius": null,
            "lightStrength": null
        },
        "flags": {},
        "img": "systems/morkbork/icons/items/gear/generic.jpg"
    },
    {
        "name": "Fishing Rod",
        "permission": {
            "default": 0
        },
        "type": "gear",
        "data": {
            "description": "",
            "encumbrance": {
                "sacks": 0,
                "stones": 1,
                "soaps": 0
            },
            "silver": 5,
            "usageDie": null,
            "quantity": 1,
            "usageDieType": null,
            "isConsumable": false,
            "hasLight": false,
            "lightRadius": null,
            "lightStrength": null
        },
        "flags": {},
        "img": "systems/morkbork/icons/items/gear/generic.jpg"
    },
    {
        "name": "Grease",
        "permission": {
            "default": 0
        },
        "type": "gear",
        "data": {
            "description": "",
            "encumbrance": {
                "sacks": 0,
                "stones": 0,
                "soaps": 1
            },
            "silver": 2,
            "usageDie": "Ud6",
            "quantity": 1,
            "usageDieType": "uses",
            "isConsumable": true,
            "hasLight": false,
            "lightRadius": null,
            "lightStrength": null
        },
        "flags": {},
        "img": "systems/morkbork/icons/items/gear/generic.jpg"
    },
    {
        "name": "Card deck and Dice",
        "permission": {
            "default": 0
        },
        "type": "gear",
        "data": {
            "description": "",
            "encumbrance": {
                "sacks": 0,
                "stones": 0,
                "soaps": 5
            },
            "silver": 15,
            "usageDie": null,
            "quantity": 1,
            "usageDieType": null,
            "isConsumable": false,
            "hasLight": false,
            "lightRadius": null,
            "lightStrength": null
        },
        "flags": {},
        "img": "systems/morkbork/icons/items/gear/dice.jpg"
    },
    {
        "name": "Elixir Vitalis",
        "permission": {
            "default": 0
        },
        "type": "gear",
        "data": {
            "description": "Läker t6 TP och häver infektion. Kan vara beroendeframkallande.",
            "encumbrance": {
                "sacks": 0,
                "stones": 0,
                "soaps": 5
            },
            "silver": 100,
            "usageDie": "1d6",
            "quantity": 1,
            "usageDieType": "doses",
            "isConsumable": true,
            "hasLight": false,
            "lightRadius": null,
            "lightStrength": null,
            "startingEquipment": {
                "group": 3,
                "order": 1,
                "modAbility": null,
                "quantity": 1,
                "quantityDice": "1d4"
            }
        },
        "flags": {},
        "img": "systems/morkbork/icons/items/gear/bottle-empty.jpg"
    },
    {
        "name": "Ezumiels ånga",
        "permission": {
            "default": 0
        },
        "type": "gear",
        "data": {
            "description": "Svåra hallucinationer under t4 timmar om Tålighet mot SG14 misslyckas.",
            "volume": 1,
            "silver": 100,
            "usageDie": "1d4",
            "quantity": 1,
            "usageDieType": "doses",
            "isConsumable": true,
            "hasLight": false,
            "lightRadius": null,
            "lightStrength": null
        },
        "flags": {},
        "img": "systems/morkbork/icons/items/gear/bottle-empty.jpg"
    },
    {
        "name": "Sydländsk grodlårsröra",
        "permission": {
            "default": 0
        },
        "type": "gear",
        "data": {
            "description": "Offret kräks djävulskt mycket under t4 timmar, kan inte göra något annat, om test mot SG14 misslyckas.",
            "volume": 1,
            "silver": 100,
            "usageDie": "1d4",
            "quantity": 1,
            "usageDieType": "doses",
            "isConsumable": true,
            "hasLight": false,
            "lightRadius": null,
            "lightStrength": null
        },
        "flags": {},
        "img": "systems/morkbork/icons/items/gear/bottle-empty.jpg"
    },
    {
        "name": "Spindelugglans soppa",
        "permission": {
            "default": 0
        },
        "type": "gear",
        "data": {
            "description": "Se i mörker och klättra på väggar under 30 minuter.",
            "volume": 1,
            "silver": 100,
            "usageDie": "1d4",
            "quantity": 1,
            "usageDieType": "doses",
            "isConsumable": true,
            "hasLight": false,
            "lightRadius": null,
            "lightStrength": null
        },
        "flags": {},
        "img": "systems/morkbork/icons/items/gear/bottle-empty.jpg"
    },
    {
        "name": "Fernors filter",
        "permission": {
            "default": 0
        },
        "type": "gear",
        "data": {
            "description": "Genomskinlig olja, måste strykas direkt på ögat. Renar infektion och ger +2 vid Närvarotest i t4 timmar.",
            "encumbrance": {
                "sacks": 0,
                "stones": 0,
                "soaps": 5
            },
            "silver": 100,
            "usageDie": "1d4",
            "quantity": 1,
            "usageDieType": "doses",
            "isConsumable": true,
            "hasLight": false,
            "lightRadius": null,
            "lightStrength": null
        },
        "flags": {},
        "img": "systems/morkbork/icons/items/gear/bottle-empty.jpg"
    },
    {
        "name": "Hyperhs pulver",
        "permission": {
            "default": 0
        },
        "type": "gear",
        "data": {
            "description": "Måste sniffas, orsakar rejäla nysningar. Bärsärkseffekt! Två anfall per runda men SG14 i försvar. Varar en strid.",
            "volume": 1,
            "silver": 100,
            "usageDie": "1d4",
            "quantity": 1,
            "usageDieType": "doses",
            "isConsumable": true,
            "hasLight": false,
            "lightRadius": null,
            "lightStrength": null
        },
        "flags": {},
        "img": "systems/morkbork/icons/items/gear/bottle-empty.jpg"
    },
    {
        "name": "Bucket",
        "permission": {
            "default": 0
        },
        "type": "gear",
        "data": {
            "description": "",
            "encumbrance": {
                "sacks": 0,
                "stones": 1,
                "soaps": 0
            },
            "silver": 5,
            "usageDie": null,
            "quantity": 1,
            "usageDieType": null,
            "isConsumable": false,
            "hasLight": false,
            "lightRadius": null,
            "lightStrength": null
        },
        "flags": {},
        "img": "systems/morkbork/icons/items/gear/generic.jpg"
    },
    {
        "name": "Pick",
        "permission": {
            "default": 0
        },
        "type": "gear",
        "data": {
            "description": "1d4 damage",
            "encumbrance": {
                "sacks": 0,
                "stones": 1,
                "soaps": 0
            },
            "silver": 8,
            "usageDie": null,
            "quantity": 1,
            "usageDieType": null,
            "isConsumable": false,
            "hasLight": false,
            "lightRadius": null,
            "lightStrength": null
        },
        "flags": {},
        "img": "systems/morkbork/icons/items/gear/pickaxe.jpg"
    },
    {
        "name": "Cook Pots",
        "permission": {
            "default": 0
        },
        "type": "gear",
        "data": {
            "description": "Whole group heals at +1 on long rests",
            "encumbrance": {
                "sacks": 0,
                "stones": 1,
                "soaps": 0
            },
            "silver": 10,
            "usageDie": null,
            "quantity": 1,
            "usageDieType": null,
            "isConsumable": false,
            "hasLight": false,
            "lightRadius": null,
            "lightStrength": null
        },
        "flags": {},
        "img": "systems/morkbork/icons/items/gear/generic.jpg"
    },
    {
        "name": "Whistle",
        "permission": {
            "default": 0
        },
        "type": "gear",
        "data": {
            "description": "",
            "encumbrance": {
                "sacks": 0,
                "stones": 0,
                "soaps": 1
            },
            "silver": 20,
            "usageDie": null,
            "quantity": 1,
            "usageDieType": null,
            "isConsumable": false,
            "hasLight": false,
            "lightRadius": null,
            "lightStrength": null
        },
        "flags": {},
        "img": "systems/morkbork/icons/items/gear/generic.jpg"
    },
    {
        "name": "Spyglass",
        "permission": {
            "default": 0
        },
        "type": "gear",
        "data": {
            "description": "",
            "encumbrance": {
                "sacks": 0,
                "stones": 1,
                "soaps": 0
            },
            "silver": 100,
            "usageDie": null,
            "quantity": 1,
            "usageDieType": null,
            "isConsumable": false,
            "hasLight": false,
            "lightRadius": null,
            "lightStrength": null
        },
        "flags": {},
        "img": "systems/morkbork/icons/items/gear/generic.jpg"
    },
    {
        "name": "Twine",
        "permission": {
            "default": 0
        },
        "type": "gear",
        "data": {
            "description": "20 ft",
            "encumbrance": {
                "sacks": 0,
                "stones": 0,
                "soaps": 1
            },
            "silver": 2,
            "usageDie": null,
            "quantity": 1,
            "usageDieType": null,
            "isConsumable": false,
            "hasLight": false,
            "lightRadius": null,
            "lightStrength": null
        },
        "flags": {},
        "img": "systems/morkbork/icons/items/gear/generic.jpg"
    },
    {
        "name": "Marbles",
        "permission": {
            "default": 0
        },
        "type": "gear",
        "data": {
            "description": "",
            "encumbrance": {
                "sacks": 0,
                "stones": 0,
                "soaps": 1
            },
            "silver": 5,
            "usageDie": null,
            "quantity": 20,
            "usageDieType": null,
            "isConsumable": false,
            "hasLight": false,
            "lightRadius": null,
            "lightStrength": null
        },
        "flags": {},
        "img": "systems/morkbork/icons/items/gear/generic.jpg"
    },
    {
        "name": "Flute",
        "permission": {
            "default": 0
        },
        "type": "gear",
        "data": {
            "description": "",
            "encumbrance": {
                "sacks": 0,
                "stones": 0,
                "soaps": 5
            },
            "silver": 25,
            "usageDie": null,
            "quantity": 1,
            "usageDieType": null,
            "isConsumable": false,
            "hasLight": false,
            "lightRadius": null,
            "lightStrength": null
        },
        "flags": {},
        "img": "systems/morkbork/icons/items/gear/flute.jpg"
    },
    {
        "name": "Lute",
        "permission": {
            "default": 0
        },
        "type": "gear",
        "data": {
            "description": "",
            "encumbrance": {
                "sacks": 0,
                "stones": 1,
                "soaps": 0
            },
            "silver": 225,
            "usageDie": null,
            "quantity": 1,
            "usageDieType": null,
            "isConsumable": false,
            "hasLight": false,
            "lightRadius": null,
            "lightStrength": null
        },
        "flags": {},
        "img": "systems/morkbork/icons/items/gear/lute.jpg"
    },
    {
        "name": "Horn",
        "permission": {
            "default": 0
        },
        "type": "gear",
        "data": {
            "description": "",
            "encumbrance": {
                "sacks": 0,
                "stones": 1,
                "soaps": 0
            },
            "silver": 15,
            "usageDie": null,
            "quantity": 1,
            "usageDieType": null,
            "isConsumable": false,
            "hasLight": false,
            "lightRadius": null,
            "lightStrength": null
        },
        "flags": {},
        "img": "systems/morkbork/icons/items/gear/horn.jpg"
    },
    {
        "name": "Horseshoe",
        "permission": {
            "default": 0
        },
        "type": "gear",
        "data": {
            "description": "",
            "encumbrance": {
                "sacks": 0,
                "stones": 0,
                "soaps": 5
            },
            "silver": 2,
            "usageDie": null,
            "quantity": 1,
            "usageDieType": null,
            "isConsumable": false,
            "hasLight": false,
            "lightRadius": null,
            "lightStrength": null
        },
        "flags": {},
        "img": "systems/morkbork/icons/items/gear/horseshoe.jpg"
    },
    {
        "name": "Paper",
        "permission": {
            "default": 0
        },
        "type": "gear",
        "data": {
            "description": "",
            "encumbrance": {
                "sacks": 0,
                "stones": 0,
                "soaps": 1
            },
            "silver": 25,
            "usageDie": null,
            "quantity": 10,
            "usageDieType": null,
            "isConsumable": false,
            "hasLight": false,
            "lightRadius": null,
            "lightStrength": null
        },
        "flags": {},
        "img": "systems/morkbork/icons/items/gear/paper.jpg"
    },
    {
        "name": "Soap",
        "permission": {
            "default": 0
        },
        "type": "gear",
        "data": {
            "description": "",
            "encumbrance": {
                "sacks": 0,
                "stones": 0,
                "soaps": 1
            },
            "silver": 2,
            "usageDie": null,
            "quantity": 1,
            "usageDieType": null,
            "isConsumable": false,
            "hasLight": false,
            "lightRadius": null,
            "lightStrength": null
        },
        "flags": {},
        "img": "systems/morkbork/icons/items/gear/soap.jpg"
    },
    {
        "name": "Supplies, Basic (One Day)",
        "permission": {
            "default": 0
        },
        "type": "gear",
        "data": {
            "description": "Food and Water for one day.",
            "encumbrance": {
                "sacks": 0,
                "stones": 1,
                "soaps": 0
            },
            "silver": 2,
            "usageDie": null,
            "quantity": 1,
            "usageDieType": null,
            "isConsumable": false,
            "hasLight": false,
            "lightRadius": null,
            "lightStrength": null
        },
        "flags": {},
        "img": "systems/morkbork/icons/items/gear/bread.jpg"
    },
    {
        "name": "Supplies, Basic (wk)",
        "permission": {
            "default": 0
        },
        "type": "gear",
        "data": {
            "description": "Hearty bread, water, hempen cloth, and wrapping rags. ",
            "encumbrance": {
                "sacks": 1,
                "stones": 0,
                "soaps": 0
            },
            "silver": 14,
            "usageDie": null,
            "quantity": 1,
            "usageDieType": null,
            "isConsumable": false,
            "hasLight": false,
            "lightRadius": null,
            "lightStrength": null
        },
        "flags": {},
        "img": "systems/morkbork/icons/items/gear/bread.jpg"
    },
    {
        "name": "Supplies, Voyager (wk)",
        "permission": {
            "default": 0
        },
        "type": "gear",
        "data": {
            "description": "Tinned meat, travel ale, disinfectant schnapps, novelty items, rough newspapers, tents, and prophylactics.+1 to healing and recovery.",
            "encumbrance": {
                "sacks": 1,
                "stones": 0,
                "soaps": 0
            },
            "silver": 28,
            "usageDie": null,
            "quantity": 1,
            "usageDieType": null,
            "isConsumable": false,
            "hasLight": false,
            "lightRadius": null,
            "lightStrength": null
        },
        "flags": {},
        "img": "systems/morkbork/icons/items/gear/bread.jpg"
    },
    {
        "name": "Curative Snake Oil",
        "permission": {
            "default": 0
        },
        "type": "gear",
        "data": {
            "description": "Generic remedies against venom, bugs, parasites, diseases, rashes, and blisters. Surprisingly, it actually works.",
            "encumbrance": {
                "sacks": 0,
                "stones": 0,
                "soaps": 1
            },
            "silver": 10,
            "usageDie": null,
            "quantity": 1,
            "usageDieType": null,
            "isConsumable": false,
            "hasLight": false,
            "lightRadius": null,
            "lightStrength": null
        },
        "flags": {},
        "img": "systems/morkbork/icons/items/gear/bottle-empty.jpg"
    },
    {
        "name": "Light (One Day)",
        "permission": {
            "default": 0
        },
        "type": "gear",
        "data": {
            "description": "Lamp and oil, Firewood, or torches",
            "encumbrance": {
                "sacks": 0,
                "stones": 1,
                "soaps": 0
            },
            "silver": 1,
            "usageDie": null,
            "quantity": 1,
            "usageDieType": null,
            "isConsumable": false,
            "hasLight": false,
            "lightRadius": null,
            "lightStrength": null
        },
        "flags": {},
        "img": "systems/morkbork/icons/items/gear/lantern.jpg"
    },
    {
        "name": "Tamed Rat",
        "permission": {
            "default": 0
        },
        "type": "gear",
        "data": {
            "description": "A tamed rat, 1hp, 1d2 bite",
            "encumbrance": {
                "sacks": 0,
                "stones": 0,
                "soaps": 0
            },
            "silver": 8,
            "usageDie": null,
            "quantity": 1,
            "usageDieType": null,
            "isConsumable": false,
            "hasLight": false,
            "lightRadius": null,
            "lightStrength": null
        },
        "flags": {},
        "img": "systems/morkbork/icons/classes/Cursed_Skinwalker.png"
    },
    {
        "name": "Åsna",
        "permission": {
            "default": 0
        },
        "type": "gear",
        "data": {
            "description": "",
            "volume": 1,
            "silver": 10,
            "usageDie": null,
            "quantity": 1,
            "usageDieType": null,
            "isConsumable": false,
            "hasLight": false,
            "lightRadius": null,
            "lightStrength": null,
            "startingEquipment": {
                "group": 1,
                "order": 6
            }
        },
        "flags": {},
        "img": "systems/morkbork/icons/classes/generic.png"
    },
    {
        "name": "Åsna",
        "permission": {
            "default": 0
        },
        "type": "gear",
        "data": {
            "description": "",
            "volume": 1,
            "silver": 10,
            "usageDie": null,
            "quantity": 1,
            "usageDieType": null,
            "isConsumable": false,
            "hasLight": false,
            "lightRadius": null,
            "lightStrength": null,
            "startingEquipment": {
                "group": 1,
                "order": 6
            }
        },
        "flags": {},
        "img": "systems/morkbork/icons/classes/generic.png"
    },
    {
        "name": "Loppäten hund",
        "permission": {
            "default": 0
        },
        "type": "gear",
        "data": {
            "description": "t6+2 TP, bett t4, lyder bara dig",
            "volume": 1,
            "silver": 10,
            "usageDie": null,
            "quantity": 1,
            "usageDieType": null,
            "isConsumable": false,
            "hasLight": false,
            "lightRadius": null,
            "lightStrength": null,
            "startingEquipment": {
                "group": 3,
                "order": 3
            }
        },
        "flags": {},
        "img": "systems/morkbork/icons/classes/generic.png"
    },
    {
        "name": "apor",
        "permission": {
            "default": 0
        },
        "type": "gear",
        "data": {
            "description": "som ignorerar men älskar dig (t4+2 TP, slag/ bett t4)",
            "volume": 1,
            "silver": 10,
            "usageDie": "1d4",
            "quantity": 1,
            "usageDieType": null,
            "isConsumable": false,
            "hasLight": false,
            "lightRadius": null,
            "lightStrength": null,
            "startingEquipment": {
                "group": 3,
                "order": 4,
                "quantity": 4,
                "quantityDice": "1d4"
            }
        },
        "flags": {},
        "img": "systems/morkbork/icons/classes/generic.png"
    },
    {
        "name": "Tält",
        "permission": {
            "default": 0
        },
        "type": "gear",
        "data": {
            "description": "",
            "volume": 1,
            "silver": 12,
            "usageDie": null,
            "quantity": 1,
            "usageDieType": null,
            "isConsumable": false,
            "hasLight": false,
            "lightRadius": null,
            "lightStrength": null,
            "startingEquipment": {
                "group": 3,
                "order": 12
            }
        },
        "flags": {},
        "img": "systems/morkbork/icons/classes/generic.png"
    },
    {
        "name": "Ister",
        "permission": {
            "default": 0
        },
        "type": "gear",
        "data": {
            "description": "",
            "volume": 1,
            "silver": 5,
            "usageDie": null,
            "quantity": 1,
            "usageDieType": null,
            "isConsumable": false,
            "hasLight": false,
            "lightRadius": null,
            "lightStrength": null,
            "startingEquipment": {
                "group": 3,
                "order": 11,
                "quantity": 5
            }
        },
        "flags": {},
        "img": "systems/morkbork/icons/classes/generic.png"
    },
    {
        "name": "Sköld",
        "permission": {
            "default": 0
        },
        "type": "gear",
        "data": {
            "description": "<p>Det går att ignorera all skada från en attack och istället förstöra skölden.</p>",
            "volume": 1,
            "silver": 5,
            "usageDie": null,
            "quantity": 1,
            "usageDieType": null,
            "isConsumable": false,
            "hasLight": false,
            "lightRadius": null,
            "lightStrength": null,
            "damageReductionDice": "1d1",
            "startingEquipment": {
                "group": 3,
                "order": 9
            }
        },
        "flags": {},
        "img": "systems/morkbork/icons/items/armor/shield.png"
    }
]