[
    {
        "name": "Portarna Söderut står vidöppna i din hand",
        "permission": {
            "default": 0
        },
        "type": "scroll",
        "data": {
            "description": "Eldklot träffar t2 varelser och gör t8 skada per varelse.",
            "volume": 1,
            "silver": 0,
            "scrollType": "unclean"
        },
        "flags": {},
        "img": "systems/morkbork/icons/items/scrolls/unclean_scroll.jpg"
    },
    {
        "name": "Ingenting är enkelt",
        "permission": {
            "default": 0
        },
        "type": "scroll",
        "data": {
            "description": "Utvald varelse blir fullständigt förvirrad, 10 minuter.",
            "volume": 1,
            "silver": 0,
            "scrollType": "unclean"
        },
        "flags": {},
        "img": "systems/morkbork/icons/items/scrolls/unclean_scroll.jpg"
    },
    {
        "name": "Te-le-kin-esis",
        "permission": {
            "default": 0
        },
        "type": "scroll",
        "data": {
            "description": "Flytta ett objekt maximalt 3t10 meter under t6 minuter",
            "volume": 1,
            "silver": 0,
            "scrollType": "unclean"
        },
        "flags": {},
        "img": "systems/morkbork/icons/items/scrolls/unclean_scroll.jpg"
    },
    {
        "name": "Lucy-fires levitation",
        "permission": {
            "default": 0
        },
        "type": "scroll",
        "data": {
            "description": "Sväva Närvaro + t10 rundor",
            "volume": 1,
            "silver": 0,
            "scrollType": "unclean"
        },
        "flags": {},
        "img": "systems/morkbork/icons/items/scrolls/unclean_scroll.jpg"
    },
    {
        "name": "Luften är svår att andas",
        "permission": {
            "default": 0
        },
        "type": "scroll",
        "data": {
            "description": "En varelse kvävs under t6 rundor och tappar t4 TP/runda",
            "volume": 1,
            "silver": 0,
            "scrollType": "unclean"
        },
        "flags": {},
        "img": "systems/morkbork/icons/items/scrolls/unclean_scroll.jpg"
    },
    {
        "name": "Krafter från violetta skyar en regntung natt",
        "permission": {
            "default": 0
        },
        "type": "scroll",
        "data": {
            "description": "t2 blixtar som gör t6 skada vardera.",
            "volume": 1,
            "silver": 0,
            "scrollType": "unclean"
        },
        "flags": {},
        "img": "systems/morkbork/icons/items/scrolls/unclean_scroll.jpg"
    },
    {
        "name": "Det som inte syns skadar desto mer",
        "permission": {
            "default": 0
        },
        "type": "scroll",
        "data": {
            "description": "Utvald blir osynlig under t6 rundor eller tills den blir skadad, och får också SG6 på anfall och försvar.",
            "volume": 1,
            "silver": 0,
            "scrollType": "unclean"
        },
        "flags": {},
        "img": "systems/morkbork/icons/items/scrolls/unclean_scroll.jpg"
    },
    {
        "name": "Utnyttja odöda",
        "permission": {
            "default": 0
        },
        "type": "scroll",
        "data": {
            "description": "Åkalla (t6): 1–3 skelett eller 4–6 zombies. t4 till antal.",
            "volume": 1,
            "silver": 0,
            "scrollType": "unclean"
        },
        "flags": {},
        "img": "systems/morkbork/icons/items/scrolls/unclean_scroll.jpg"
    },
    {
        "name": "Trött kropp, tungt ögonlock",
        "permission": {
            "default": 0
        },
        "type": "scroll",
        "data": {
            "description": "t4 varelser somnar om de misslyckas mot SG14. Sover i en timme.",
            "volume": 1,
            "silver": 0,
            "scrollType": "unclean"
        },
        "flags": {},
        "img": "systems/morkbork/icons/items/scrolls/unclean_scroll.jpg"
    },
    {
        "name": "Död",
        "permission": {
            "default": 0
        },
        "type": "scroll",
        "data": {
            "description": "Alla varelser inom 10 m förlorar totalt 4t10 TP.",
            "volume": 1,
            "silver": 0,
            "scrollType": "unclean"
        },
        "flags": {},
        "img": "systems/morkbork/icons/items/scrolls/unclean_scroll.jpg"
    },
    {
        "name": "Helande beröringar från kryptorna i djupet",
        "permission": {
            "default": 0
        },
        "type": "scroll",
        "data": {
            "description": "t2 varelser återställer t10 TP var.",
            "volume": 1,
            "silver": 0,
            "scrollType": "sacred"
        },
        "flags": {},
        "img": "systems/morkbork/icons/items/scrolls/sacred_scroll.jpg"
    },
    {
        "name": "Förbarmande över värdelös själ",
        "permission": {
            "default": 0
        },
        "type": "scroll",
        "data": {
            "description": "Den utvalda får +t6 på valfritt slag (skada, test etc.).",
            "volume": 1,
            "silver": 0,
            "scrollType": "sacred"
        },
        "flags": {},
        "img": "systems/morkbork/icons/items/scrolls/sacred_scroll.jpg"
    },
    {
        "name": "Döda viskningar",
        "permission": {
            "default": 0
        },
        "type": "scroll",
        "data": {
            "description": "Ställ tre frågor till avliden varelse.",
            "volume": 1,
            "silver": 0,
            "scrollType": "sacred"
        },
        "flags": {},
        "img": "systems/morkbork/icons/items/scrolls/sacred_scroll.jpg"
    },
    {
        "name": "Himmelsänd hinna",
        "permission": {
            "default": 0
        },
        "type": "scroll",
        "data": {
            "description": "En utvald varelse får under 10 rundor +2t6 TP.",
            "volume": 1,
            "silver": 0,
            "scrollType": "sacred"
        },
        "flags": {},
        "img": "systems/morkbork/icons/items/scrolls/sacred_scroll.jpg"
    },
    {
        "name": "Ingen måste dö",
        "permission": {
            "default": 0
        },
        "type": "scroll",
        "data": {
            "description": "Väck en varelse till liv, som varit död i högst en vecka.",
            "volume": 1,
            "silver": 0,
            "scrollType": "sacred"
        },
        "flags": {},
        "img": "systems/morkbork/icons/items/scrolls/sacred_scroll.jpg"
    },
    {
        "name": "Dialog med kreatur",
        "permission": {
            "default": 0
        },
        "type": "scroll",
        "data": {
            "description": "Utövaren kan tala med djur under t20 minuter.",
            "volume": 1,
            "silver": 0,
            "scrollType": "sacred"
        },
        "flags": {},
        "img": "systems/morkbork/icons/items/scrolls/sacred_scroll.jpg"
    },
    {
        "name": "Varde ljus... eller mörker",
        "permission": {
            "default": 0
        },
        "type": "scroll",
        "data": {
            "description": "Ljust eller becksvart under högst 3t10 minuter",
            "volume": 1,
            "silver": 0,
            "scrollType": "sacred"
        },
        "flags": {},
        "img": "systems/morkbork/icons/items/scrolls/sacred_scroll.jpg"
    },
    {
        "name": "Finner det som illa vill",
        "permission": {
            "default": 0
        },
        "type": "scroll",
        "data": {
            "description": "Fällor längs vägen upptäcks under 2t10 minuter.",
            "volume": 1,
            "silver": 0,
            "scrollType": "sacred"
        },
        "flags": {},
        "img": "systems/morkbork/icons/items/scrolls/sacred_scroll.jpg"
    },
    {
        "name": "Hårda ord från en annan dimension",
        "permission": {
            "default": 0
        },
        "type": "scroll",
        "data": {
            "description": "t4 varelser förlorar vardera t8 TP.",
            "volume": 1,
            "silver": 0,
            "scrollType": "sacred"
        },
        "flags": {},
        "img": "systems/morkbork/icons/items/scrolls/sacred_scroll.jpg"
    },
    {
        "name": "När ord är lag",
        "permission": {
            "default": 0
        },
        "type": "scroll",
        "data": {
            "description": "Varelse lyder blint en (1) order.",
            "volume": 1,
            "silver": 0,
            "scrollType": "sacred"
        },
        "flags": {},
        "img": "systems/morkbork/icons/items/scrolls/sacred_scroll.jpg"
    }
]