[
    {
        "name": "Stridsyxa",
        "permission": {
            "default": 0
        },
        "type": "weapon",
        "data": {
            "description": "",
            "encumbrance": {
                "sacks": 0,
                "stones": 1,
                "soaps": 0
            },
            "silver": 35,
            "usageDie": null,
            "damageDice": "1d8",
            "hands": 1,
            "rangeType": "melee",
            "rangeDistance": "close",
            "damageType": "slashing",
            "isConsumable": false,
            "hasLight": false,
            "lightRadius": null,
            "lightStrength": null
        },
        "flags": {},
        "img": "systems/morkbork/icons/items/weapons/axe-battle.png"
    },
    {
        "name": "Pilbåge",
        "permission": {
            "default": 0
        },
        "type": "weapon",
        "data": {
            "description": "",
            "encumbrance": {
                "sacks": 0,
                "stones": 1,
                "soaps": 0
            },
            "silver": 25,
            "usageDie": null,
            "damageDice": "1d6",
            "hands": 2,
            "rangeType": "ranged",
            "rangeDistance": "far",
            "damageType": "piercing",
            "isConsumable": false,
            "hasLight": false,
            "lightRadius": null,
            "lightStrength": null,
            "startingEquipment": {
                "group": 1,
                "order": 7
            }
        },
        "flags": {},
        "img": "systems/morkbork/icons/items/weapons/bow-short.jpg"
    },
    {
        "name": "Kompositbåge",
        "permission": {
            "default": 0
        },
        "type": "weapon",
        "data": {
            "description": "",
            "encumbrance": {
                "sacks": 0,
                "stones": 1,
                "soaps": 0
            },
            "silver": 200,
            "usageDie": null,
            "damageDice": "1d8",
            "hands": 2,
            "rangeType": "ranged",
            "rangeDistance": "far",
            "damageType": "piercing",
            "isConsumable": false,
            "hasLight": false,
            "lightRadius": null,
            "lightStrength": null
        },
        "flags": {},
        "img": "systems/morkbork/icons/items/weapons/bow-long.jpg"
    },
    {
        "name": "Slunga",
        "permission": {
            "default": 0
        },
        "type": "weapon",
        "data": {
            "description": "Obegränsad många knytnävsstora stenar",
            "encumbrance": {
                "sacks": 0,
                "stones": 0,
                "soaps": 1
            },
            "silver": 8,
            "usageDie": null,
            "damageDice": "1d4",
            "hands": 1,
            "rangeType": "ranged",
            "rangeDistance": "far",
            "damageType": "bludgeoning",
            "isConsumable": false,
            "hasLight": false,
            "lightRadius": null,
            "lightStrength": null
        },
        "flags": {},
        "img": "systems/morkbork/icons/items/weapons/sling.jpg"
    },
    {
        "name": "Armborst",
        "permission": {
            "default": 0
        },
        "type": "weapon",
        "data": {
            "description": "1 action to reload",
            "encumbrance": {
                "sacks": 0,
                "stones": 1,
                "soaps": 0
            },
            "silver": 40,
            "usageDie": null,
            "damageDice": "1d8",
            "hands": 2,
            "rangeType": "ranged",
            "rangeDistance": "far",
            "damageType": "piercing",
            "isConsumable": false,
            "hasLight": false,
            "lightRadius": null,
            "lightStrength": null,
            "startingEquipment": {
                "group": 1,
                "order": 9
            }
        },
        "flags": {},
        "img": "systems/morkbork/icons/items/weapons/crossbow.jpg"
    },
    {
        "name": "Tungt armborst",
        "permission": {
            "default": 0
        },
        "type": "weapon",
        "data": {
            "description": "1 action to reload, 1 in 4 chance to knockback",
            "encumbrance": {
                "sacks": 0,
                "stones": 2,
                "soaps": 0
            },
            "silver": 150,
            "usageDie": null,
            "damageDice": "1d10",
            "hands": 2,
            "rangeType": "ranged",
            "rangeDistance": "far",
            "damageType": "piercing",
            "isConsumable": false,
            "hasLight": false,
            "lightRadius": null,
            "lightStrength": null
        },
        "flags": {},
        "img": "systems/morkbork/icons/items/weapons/crossbow.jpg"
    },
    {
        "name": "Klubba",
        "permission": {
            "default": 0
        },
        "type": "weapon",
        "data": {
            "description": "A cheap, blunt axe.",
            "encumbrance": {
                "sacks": 0,
                "stones": 1,
                "soaps": 0
            },
            "silver": 10,
            "usageDie": null,
            "damageDice": "1d6",
            "hands": 1,
            "rangeType": "melee",
            "rangeDistance": "close",
            "damageType": "bludgeoning",
            "isConsumable": false,
            "hasLight": false,
            "lightRadius": null,
            "lightStrength": null
        },
        "flags": {},
        "img": "systems/morkbork/icons/items/weapons/club.jpg"
    },
    {
        "name": "Stridsgissel",
        "permission": {
            "default": 0
        },
        "type": "weapon",
        "data": {
            "description": "Swingy and hitty. A symbol of chaos.",
            "encumbrance": {
                "sacks": 0,
                "stones": 1,
                "soaps": 0
            },
            "silver": 35,
            "usageDie": null,
            "damageDice": "1d8",
            "hands": 1,
            "rangeType": "melee",
            "rangeDistance": "close",
            "damageType": "bludgeoning",
            "isConsumable": false,
            "hasLight": false,
            "lightRadius": null,
            "lightStrength": null,
            "startingEquipment": {
                "group": 1,
                "order": 8
            }
        },
        "flags": {},
        "img": "systems/morkbork/icons/items/weapons/flail.png"
    },
    {
        "name": "Lårben",
        "permission": {
            "default": 0
        },
        "type": "weapon",
        "data": {
            "description": "Worthless",
            "encumbrance": {
                "sacks": 0,
                "stones": 1,
                "soaps": 0
            },
            "silver": 0,
            "usageDie": null,
            "damageDice": "1d4",
            "hands": 1,
            "rangeType": "melee",
            "rangeDistance": "close",
            "damageType": "bludgeoning",
            "isConsumable": false,
            "hasLight": false,
            "lightRadius": null,
            "lightStrength": null,
            "startingEquipment": {
                "group": 1,
                "order": 1
            }
        },
        "flags": {},
        "img": "systems/morkbork/icons/items/weapons/femur.jpg"
    },
    {
        "name": "Handyxa",
        "permission": {
            "default": 0
        },
        "type": "weapon",
        "data": {
            "description": "",
            "encumbrance": {
                "sacks": 0,
                "stones": 1,
                "soaps": 0
            },
            "silver": 15,
            "usageDie": null,
            "damageDice": "1d6",
            "hands": 1,
            "rangeType": "melee",
            "rangeDistance": "close",
            "damageType": "slashing",
            "isConsumable": false,
            "hasLight": false,
            "lightRadius": null,
            "lightStrength": null
        },
        "flags": {},
        "img": "systems/morkbork/icons/items/weapons/axe-hand.jpg"
    },
    {
        "name": "Kniv",
        "permission": {
            "default": 0
        },
        "type": "weapon",
        "data": {
            "description": "Strength or Agility, throwing (near)",
            "encumbrance": {
                "sacks": 0,
                "stones": 1,
                "soaps": 0
            },
            "silver": 10,
            "usageDie": null,
            "damageDice": "1d4",
            "hands": 1,
            "rangeType": "both",
            "rangeDistance": "close",
            "damageType": "slashing",
            "isConsumable": false,
            "hasLight": false,
            "lightRadius": null,
            "lightStrength": null,
            "startingEquipment": {
                "group": 1,
                "order": 4
            }
        },
        "flags": {},
        "img": "systems/morkbork/icons/items/weapons/knife.png"
    },
    {
        "name": "Spikklubba",
        "permission": {
            "default": 0
        },
        "type": "weapon",
        "data": {
            "description": "",
            "encumbrance": {
                "sacks": 0,
                "stones": 1,
                "soaps": 0
            },
            "silver": 25,
            "usageDie": null,
            "damageDice": "1d6",
            "hands": 1,
            "rangeType": "melee",
            "rangeDistance": "close",
            "damageType": "bludgeoning",
            "isConsumable": false,
            "hasLight": false,
            "lightRadius": null,
            "lightStrength": null
        },
        "flags": {},
        "img": "systems/morkbork/icons/items/weapons/mace.png"
    },
    {
        "name": "Kortsvärd",
        "permission": {
            "default": 0
        },
        "type": "weapon",
        "data": {
            "description": "",
            "encumbrance": {
                "sacks": 0,
                "stones": 1,
                "soaps": 0
            },
            "silver": 20,
            "usageDie": null,
            "damageDice": "1d4",
            "hands": 1,
            "rangeType": "melee",
            "rangeDistance": "close",
            "damageType": "slashing",
            "isConsumable": false,
            "hasLight": false,
            "lightRadius": null,
            "lightStrength": null,
            "startingEquipment": {
                "group": 1,
                "order": 3
            }
        },
        "flags": {},
        "img": "systems/morkbork/icons/items/weapons/sword-short.jpg"
    },
    {
        "name": "Stav",
        "permission": {
            "default": 0
        },
        "type": "weapon",
        "data": {
            "description": "",
            "encumbrance": {
                "sacks": 0,
                "stones": 1,
                "soaps": 0
            },
            "silver": 5,
            "usageDie": null,
            "damageDice": "1d4",
            "hands": 2,
            "rangeType": "melee",
            "rangeDistance": "close",
            "damageType": "bludgeoning",
            "isConsumable": false,
            "hasLight": false,
            "lightRadius": null,
            "lightStrength": null,
            "startingEquipment": {
                "group": 1,
                "order": 2
            }
        },
        "flags": {},
        "img": "systems/morkbork/icons/items/weapons/staff.jpg"
    },
    {
        "name": "Svärd",
        "permission": {
            "default": 0
        },
        "type": "weapon",
        "data": {
            "description": "",
            "encumbrance": {
                "sacks": 0,
                "stones": 1,
                "soaps": 0
            },
            "silver": 30,
            "usageDie": null,
            "damageDice": "1d6",
            "hands": 1,
            "rangeType": "melee",
            "rangeDistance": "close",
            "damageType": "slashing",
            "isConsumable": false,
            "hasLight": false,
            "lightRadius": null,
            "lightStrength": null,
            "startingEquipment": {
                "group": 1,
                "order": 6
            }
        },
        "flags": {},
        "img": "systems/morkbork/icons/items/weapons/sword-long.jpg"
    },
    {
        "name": "Hjälmkrossare",
        "permission": {
            "default": 0
        },
        "type": "weapon",
        "data": {
            "description": "",
            "encumbrance": {
                "sacks": 0,
                "stones": 1,
                "soaps": 0
            },
            "silver": 30,
            "usageDie": null,
            "damageDice": "1d6",
            "hands": 1,
            "rangeType": "melee",
            "rangeDistance": "close",
            "damageType": "bludgeoning",
            "isConsumable": false,
            "hasLight": false,
            "lightRadius": null,
            "lightStrength": null,
            "startingEquipment": {
                "group": 1,
                "order": 5
            }
        },
        "flags": {},
        "img": "systems/morkbork/icons/items/weapons/hammer-war.png"
    },
    {
        "name": "Piska",
        "permission": {
            "default": 0
        },
        "type": "weapon",
        "data": {
            "description": "Strength or Agility, reach. Can be used to swing.",
            "encumbrance": {
                "sacks": 0,
                "stones": 1,
                "soaps": 0
            },
            "silver": 5,
            "usageDie": null,
            "damageDice": "1d2",
            "hands": 1,
            "rangeType": "melee",
            "rangeDistance": "close",
            "damageType": "slashing",
            "isConsumable": false,
            "hasLight": false,
            "lightRadius": null,
            "lightStrength": null
        },
        "flags": {},
        "img": "systems/morkbork/icons/items/weapons/whip.png"
    },
    {
        "name": "Spear",
        "permission": {
            "default": 0
        },
        "type": "weapon",
        "data": {
            "description": "Versatile (can be thrown)",
            "encumbrance": {
                "sacks": 0,
                "stones": 1,
                "soaps": 0
            },
            "silver": 20,
            "usageDie": null,
            "damageDice": "1d6",
            "hands": 1,
            "rangeType": "both",
            "rangeDistance": "close",
            "damageType": "piercing",
            "isConsumable": false,
            "hasLight": false,
            "lightRadius": null,
            "lightStrength": null
        },
        "flags": {},
        "img": "systems/morkbork/icons/items/weapons/spear.jpg"
    },
    {
        "name": "Zweihänder",
        "permission": {
            "default": 0
        },
        "type": "weapon",
        "data": {
            "description": "",
            "encumbrance": {
                "sacks": 0,
                "stones": 2,
                "soaps": 0
            },
            "silver": 60,
            "usageDie": null,
            "damageDice": "1d10",
            "hands": 2,
            "rangeType": "melee",
            "rangeDistance": "close",
            "damageType": "slashing",
            "isConsumable": false,
            "hasLight": false,
            "lightRadius": null,
            "lightStrength": null,
            "startingEquipment": {
                "group": 1,
                "order": 10
            }
        },
        "flags": {},
        "img": "systems/morkbork/icons/items/weapons/sword-great.png"
    },
    {
        "name": "Halberd or Polearm",
        "permission": {
            "default": 0
        },
        "type": "weapon",
        "data": {
            "description": "",
            "encumbrance": {
                "sacks": 0,
                "stones": 2,
                "soaps": 0
            },
            "silver": 50,
            "usageDie": null,
            "damageDice": "1d10",
            "hands": 2,
            "rangeType": "melee",
            "rangeDistance": "close",
            "damageType": "slashing",
            "isConsumable": false,
            "hasLight": false,
            "lightRadius": null,
            "lightStrength": null
        },
        "flags": {},
        "img": "systems/morkbork/icons/items/weapons/polearm.jpg"
    },
    {
        "name": "Great Axe",
        "permission": {
            "default": 0
        },
        "type": "weapon",
        "data": {
            "description": "Beloved of barbarians.",
            "encumbrance": {
                "sacks": 0,
                "stones": 2,
                "soaps": 0
            },
            "silver": 80,
            "usageDie": null,
            "damageDice": "2d6",
            "hands": 2,
            "rangeType": "melee",
            "rangeDistance": "close",
            "damageType": "slashing",
            "isConsumable": false,
            "hasLight": false,
            "lightRadius": null,
            "lightStrength": null
        },
        "flags": {},
        "img": "systems/morkbork/icons/items/weapons/axe-great.png"
    },
    {
        "name": "Throwing Knives",
        "permission": {
            "default": 0
        },
        "type": "weapon",
        "data": {
            "description": "pair",
            "encumbrance": {
                "sacks": 0,
                "stones": 1,
                "soaps": 0
            },
            "silver": 20,
            "usageDie": null,
            "damageDice": "1d4",
            "hands": 1,
            "rangeType": "both",
            "rangeDistance": "far",
            "damageType": "piercing",
            "isConsumable": false,
            "hasLight": false,
            "lightRadius": null,
            "lightStrength": null
        },
        "flags": {},
        "img": "systems/morkbork/icons/items/weapons/throwing-knives.jpg"
    },
    {
        "name": "Rock",
        "permission": {
            "default": 0
        },
        "type": "weapon",
        "data": {
            "description": "",
            "encumbrance": {
                "sacks": 0,
                "stones": 0,
                "soaps": 1
            },
            "silver": 0,
            "usageDie": null,
            "damageDice": "1d3",
            "hands": 1,
            "rangeType": "ranged",
            "rangeDistance": "nearby",
            "damageType": "bludgeoning",
            "isConsumable": false,
            "hasLight": false,
            "lightRadius": null,
            "lightStrength": null
        },
        "flags": {},
        "img": "systems/morkbork/icons/items/weapons/rock.jpg"
    }
]