{
    "1": {
        "1": "Aerg-Tval",
        "2": "Agn",
        "3": "Arvant",
        "4": "Belsum",
        "5": "Belum",
        "6": "Brint",
        "7": "Börda",
        "8": "Daeru"
    },
    "2": {
        "1": "Eldar", 
        "2": "Felban", 
        "3": "Gotven",
        "4": "Graft", 
        "5": "Grin",
        "6": "Grittr", 
        "7": "Haerü", 
        "8": "Hargha"
    },
    "3": {
        "1": "Harmug", 
        "2": "Jotna",
        "3": "Karg",
        "4": "Karva", 
        "5": "Katla", 
        "6": "Keftar", 
        "7": "Klort", 
        "8": "Kratar"
    },
    "4": {
        "1": "Kutz",
        "2": "Kvetin",
        "3": "Lygan",
        "4": "Margar" ,
        "5": "Merkari" ,
        "6": "Nagl",
        "7": "Niduk",
        "8": "Nifehl"
    },
    "5": {
        "1": "Prügl",
        "2": "Qillnach",
        "3": "Risten", 
        "4": "Svind", 
        "5": "Theras", 
        "6": "Therg", 
        "7": "Torvul", 
        "8": "Törn"
    },
    "6": {
        "1": "Urm",
        "2": "Urvarg",
        "3": "Vagal", 
        "4": "Vatan", 
        "5": "Von",
        "6": "Vrakh", 
        "7": "Vresi", 
        "8": "Wemut"
    }
}